{
  "Lignin price ($/kg)": [
    [
      0.05,
      1.0332510860921824
    ],
    [
      0.2,
      2.9082510860921826
    ],
    [
      0.4,
      5.408251086092181
    ],
    [
      0.8,
      10.408251086092184
    ],
    [
      1.5,
      19.158251086092182
    ]
  ],
  "Cell area (m\u00b2/ton-H2-y)": [
    [
      10,
      4.157281615303125
    ],
    [
      20,
      4.1577663506976545
    ],
    [
      30,
      4.158251086092182
    ],
    [
      50,
      4.15922055688124
    ],
    [
      100,
      4.161644233853883
    ]
  ],
  "Electricity ($/ton-y)": [
    [
      500,
      4.156285078989189
    ],
    [
      1000,
      4.157077823788783
    ],
    [
      1740,
      4.158251086092182
    ],
    [
      3500,
      4.161041547786754
    ],
    [
      10000,
      4.171347230181477
    ]
  ],
  "PMA price ($/kg)": [
    [
      0.005,
      4.1580008746935695
    ],
    [
      0.01,
      4.158251086092182
    ],
    [
      0.05,
      4.160252777281088
    ],
    [
      0.1,
      4.1627548912672205
    ],
    [
      1.0,
      4.2077929430176
    ]
  ],
  "Vanillin sell price ($/kg)": [
    [
      5,
      4.158251086092182
    ],
    [
      15,
      3.918251086092182
    ],
    [
      25,
      3.678251086092182
    ],
    [
      40,
      3.3182510860921823
    ],
    [
      80,
      2.3582510860921824
    ]
  ],
  "Acetovanillone sell price ($/kg)": [
    [
      10,
      4.318251086092182
    ],
    [
      30,
      4.158251086092182
    ],
    [
      50,
      3.998251086092182
    ],
    [
      100,
      3.598251086092182
    ],
    [
      200,
      2.7982510860921823
    ]
  ]
}